{"cameraMode":{"drawMode":0,"name":"Shaded","section":"Shading Mode"},"sceneLighting":true,"audioPlay":false,"sceneViewState":{"m_AlwaysRefresh":false,"showFog":true,"showSkybox":true,"showFlares":true,"showImageEffects":true,"showParticleSystems":true,"showVisualEffectGraphs":true,"m_FxEnabled":true},"in2DMode":false,"pivot":{"x":0.16592907905578614,"y":3.736663341522217,"z":0.9902558326721191},"rotation":{"x":0.4017281234264374,"y":0.16654682159423829,"z":-0.07456067949533463,"w":0.8974133133888245},"size":14.13124942779541,"orthographic":true}