{"cameraMode":{"drawMode":0,"name":"Shaded","section":"Shading Mode"},"sceneLighting":true,"audioPlay":false,"sceneViewState":{"m_AlwaysRefresh":false,"showFog":true,"showSkybox":true,"showFlares":true,"showImageEffects":true,"showParticleSystems":true,"showVisualEffectGraphs":true,"m_FxEnabled":true},"in2DMode":false,"pivot":{"x":3.077629804611206,"y":0.900327205657959,"z":-5.059706687927246},"rotation":{"x":0.12374778091907501,"y":-0.29303452372550967,"z":0.03828620910644531,"w":0.9473035335540772},"size":1.5461094379425049,"orthographic":false}