{"cameraMode":{"drawMode":0,"name":"Shaded","section":"Shading Mode"},"sceneLighting":false,"audioPlay":false,"sceneViewState":{"m_AlwaysRefresh":false,"showFog":true,"showSkybox":false,"showFlares":true,"showImageEffects":true,"showParticleSystems":true,"showVisualEffectGraphs":true,"m_FxEnabled":true},"in2DMode":false,"pivot":{"x":-14.34000015258789,"y":7.190000057220459,"z":-2.7200000286102297},"rotation":{"x":0.2813662886619568,"y":0.034055907279253009,"z":-0.009996967390179634,"w":0.9589553475379944},"size":3.3894999027252199,"orthographic":true}