{"cameraMode":{"drawMode":0,"name":"Shaded","section":"Shading Mode"},"sceneLighting":false,"audioPlay":false,"sceneViewState":{"m_AlwaysRefresh":false,"showFog":true,"showSkybox":false,"showFlares":true,"showImageEffects":true,"showParticleSystems":true,"showVisualEffectGraphs":true,"m_FxEnabled":true},"in2DMode":false,"pivot":{"x":-23.229999542236329,"y":2.390000104904175,"z":-0.949999988079071},"rotation":{"x":-0.1566636860370636,"y":0.0025659878738224508,"z":-0.00040679017547518015,"w":-0.9876658916473389},"size":1.0606602430343629,"orthographic":false}